iteration,eval_accuracy,eval_avg_reward,eval_episodes,train_accuracy_ema,train_reward_ema
5,0.25,0.27,60,0.327,0.364
10,0.25,0.28,60,0.35200000000000004,0.378
15,0.233,0.273,60,0.32899999999999996,0.35
20,0.233,0.273,60,0.284,0.3
25,0.25,0.28,60,0.257,0.28
30,0.233,0.273,60,0.258,0.276
35,0.25,0.285,60,0.222,0.237
40,0.25,0.285,60,0.209,0.232
45,0.233,0.273,60,0.193,0.223
